<?xml version="1.0" encoding="UTF-8"?>
<project-private xmlns="http://www.netbeans.org/ns/project-private/1">
    <editor-bookmarks xmlns="http://www.netbeans.org/ns/editor-bookmarks/2" lastBookmarkId="0"/>
    <open-files xmlns="http://www.netbeans.org/ns/projectui-open-files/2">
        <group>
            <file>file:/C:/Users/HP/Documents/NetBeansProjects/Portfolio/web/education.jpg</file>
            <file>file:/C:/Users/HP/Documents/NetBeansProjects/Portfolio/web/education.html</file>
            <file>file:/C:/Users/HP/Documents/NetBeansProjects/Portfolio/web/i1.jpg</file>
            <file>file:/C:/Users/HP/Documents/NetBeansProjects/Portfolio/web/contact2.jpg</file>
            <file>file:/C:/Users/HP/Documents/NetBeansProjects/Portfolio/web/index.html</file>
            <file>file:/C:/Users/HP/Documents/NetBeansProjects/Portfolio/web/about.html</file>
            <file>file:/C:/Users/HP/Documents/NetBeansProjects/Portfolio/web/portfolio.png</file>
            <file>file:/C:/Users/HP/Documents/NetBeansProjects/Portfolio/web/images2.jpg</file>
            <file>file:/C:/Users/HP/Documents/NetBeansProjects/Portfolio/web/P3.jpg</file>
            <file>file:/C:/Users/HP/Documents/NetBeansProjects/Portfolio/web/k.jpg</file>
            <file>file:/C:/Users/HP/Documents/NetBeansProjects/Portfolio/web/images.jpg</file>
            <file>file:/C:/Users/HP/Documents/NetBeansProjects/Portfolio/web/DM.jpg</file>
            <file>file:/C:/Users/HP/Documents/NetBeansProjects/Portfolio/web/contact.html</file>
            <file>file:/C:/Users/HP/Documents/NetBeansProjects/Portfolio/web/projects.html</file>
        </group>
    </open-files>
</project-private>
